ci_high,ci_low,comparison,family,gap,mean,model,pct_bre_higher,rows,stage,unique_pairs
0.995572,0.994954,ame_bre_counterfactual,Falcon3,,0.99528,Falcon3-7B-Base,,1200,Base,876
0.974793,0.973428,character_perturbation_control,Falcon3,,0.974162,Falcon3-7B-Base,,1200,Base,876
0.927669,0.924303,unrelated_bre_control,Falcon3,,0.925999,Falcon3-7B-Base,,1200,Base,876
0.985537,0.983568,ame_bre_counterfactual,Falcon3,,0.98462,Falcon3-7B-Instruct,,1200,Post,876
0.909704,0.905385,character_perturbation_control,Falcon3,,0.907664,Falcon3-7B-Instruct,,1200,Post,876
0.760649,0.749395,unrelated_bre_control,Falcon3,,0.755028,Falcon3-7B-Instruct,,1200,Post,876
0.987695,0.985186,ame_bre_counterfactual,Gemma,,0.986475,Gemma-3-1B-IT,,1200,Post,876
0.928425,0.924088,character_perturbation_control,Gemma,,0.926362,Gemma-3-1B-IT,,1200,Post,876
0.851724,0.844045,unrelated_bre_control,Gemma,,0.847948,Gemma-3-1B-IT,,1200,Post,876
0.994341,0.993334,ame_bre_counterfactual,Gemma,,0.99386,Gemma-3-1B-PT,,1200,Base,876
0.957769,0.955203,character_perturbation_control,Gemma,,0.956487,Gemma-3-1B-PT,,1200,Base,876
0.838408,0.829295,unrelated_bre_control,Gemma,,0.833822,Gemma-3-1B-PT,,1200,Base,876
0.989968,0.98842,ame_bre_counterfactual,Llama,,0.989202,Llama-3.1-8B-Base,,1200,Base,876
0.925021,0.921284,character_perturbation_control,Llama,,0.923203,Llama-3.1-8B-Base,,1200,Base,876
0.80884,0.799666,unrelated_bre_control,Llama,,0.804158,Llama-3.1-8B-Base,,1200,Base,876
0.990148,0.988689,ame_bre_counterfactual,Llama,,0.989411,Llama-3.1-8B-Instruct,,1200,Post,876
0.918486,0.914471,character_perturbation_control,Llama,,0.916548,Llama-3.1-8B-Instruct,,1200,Post,876
0.826647,0.818854,unrelated_bre_control,Llama,,0.822723,Llama-3.1-8B-Instruct,,1200,Post,876
0.988023,0.986102,ame_bre_counterfactual,Ministral,,0.987082,Ministral-3-3B-Base,,1200,Base,876
0.920825,0.917413,character_perturbation_control,Ministral,,0.919101,Ministral-3-3B-Base,,1200,Base,876
0.785153,0.77562,unrelated_bre_control,Ministral,,0.780335,Ministral-3-3B-Base,,1200,Base,876
0.985317,0.983121,ame_bre_counterfactual,Ministral,,0.98426,Ministral-3-3B-Instruct,,1200,Post,876
0.905054,0.900516,character_perturbation_control,Ministral,,0.902835,Ministral-3-3B-Instruct,,1200,Post,876
0.729618,0.71763,unrelated_bre_control,Ministral,,0.723749,Ministral-3-3B-Instruct,,1200,Post,876
0.993148,0.991644,ame_bre_counterfactual,StableLM,,0.99238,StableLM-2-1.6B-Base,,1200,Base,876
0.949285,0.945809,character_perturbation_control,StableLM,,0.947603,StableLM-2-1.6B-Base,,1200,Base,876
0.864924,0.856761,unrelated_bre_control,StableLM,,0.860682,StableLM-2-1.6B-Base,,1200,Base,876
0.985133,0.982901,ame_bre_counterfactual,StableLM,,0.984006,StableLM-2-Zephyr-1.6B,,1200,Post,876
0.907494,0.901973,character_perturbation_control,StableLM,,0.904994,StableLM-2-Zephyr-1.6B,,1200,Post,876
0.789365,0.779052,unrelated_bre_control,StableLM,,0.783901,StableLM-2-Zephyr-1.6B,,1200,Post,876
0.309968,0.29473,,Falcon3,0.302592,,Falcon3-7B-Base,89.69,3375,Base,1125
0.431052,0.408271,,Falcon3,0.420406,,Falcon3-7B-Instruct,90.76,3375,Post,1125
0.350805,0.328703,,Gemma,0.340013,,Gemma-3-1B-IT,88.13,3522,Post,1174
0.232165,0.219662,,Gemma,0.226186,,Gemma-3-1B-PT,91.88,3522,Base,1174
0.193254,0.184208,,Llama,0.18883,,Llama-3.1-8B-Base,91.59,3627,Base,1209
0.270666,0.258345,,Llama,0.264133,,Llama-3.1-8B-Instruct,92.06,3627,Post,1209
0.217235,0.207995,,Ministral,0.212724,,Ministral-3-3B-Base,93.57,3684,Base,1228
0.239436,0.228812,,Ministral,0.234286,,Ministral-3-3B-Instruct,92.32,3684,Post,1228
0.215841,0.203789,,StableLM,0.209828,,StableLM-2-1.6B-Base,91.01,3627,Base,1209
0.41063,0.389303,,StableLM,0.399936,,StableLM-2-Zephyr-1.6B,89.61,3627,Post,1209
