layer,comparison,models,rows,unique_pairs,mean,ci_low_mean,ci_high_mean
embedding,ame_bre_counterfactual,10,12000,876,0.9022391000000001,0.8988603000000002,0.9055645999999999
embedding,character_perturbation_control,10,12000,876,0.8239424,0.820786,0.8270427999999999
embedding,unrelated_bre_control,10,12000,876,0.504389,0.49676010000000004,0.5116438
middle,ame_bre_counterfactual,10,12000,876,0.9998491000000002,0.9998400000000001,0.999858
middle,character_perturbation_control,10,12000,876,0.9990793,0.9990604,0.999098
middle,unrelated_bre_control,10,12000,876,0.9970976,0.9970178000000001,0.9971720999999999
final,ame_bre_counterfactual,10,12000,876,0.9886576000000001,0.9877919000000001,0.9894881999999999
final,character_perturbation_control,10,12000,876,0.9278958999999999,0.925957,0.9296855999999998
final,unrelated_bre_control,10,12000,876,0.8138344999999999,0.8094620999999999,0.8182997000000001
