model_display_name,layer,comparison,rows,unique_pairs,mean_cosine_similarity,ci95_cosine_similarity_low,ci95_cosine_similarity_high
Falcon3-7B-Base,embedding,ame_bre_counterfactual,1200,876,0.83806,0.833348,0.842502
Falcon3-7B-Base,embedding,character_perturbation_control,1200,876,0.731773,0.727015,0.736143
Falcon3-7B-Base,embedding,unrelated_bre_control,1200,876,0.32013,0.309368,0.330316
Falcon3-7B-Base,final,ame_bre_counterfactual,1200,876,0.99528,0.994954,0.995572
Falcon3-7B-Base,final,character_perturbation_control,1200,876,0.974162,0.973428,0.974793
Falcon3-7B-Base,final,unrelated_bre_control,1200,876,0.925999,0.924303,0.927669
Falcon3-7B-Base,middle,ame_bre_counterfactual,1200,876,0.999532,0.999508,0.999556
Falcon3-7B-Base,middle,character_perturbation_control,1200,876,0.997243,0.99719,0.997299
Falcon3-7B-Base,middle,unrelated_bre_control,1200,876,0.991793,0.991568,0.992001
Falcon3-7B-Instruct,embedding,ame_bre_counterfactual,1200,876,0.837963,0.833253,0.84241
Falcon3-7B-Instruct,embedding,character_perturbation_control,1200,876,0.731465,0.726698,0.73584
Falcon3-7B-Instruct,embedding,unrelated_bre_control,1200,876,0.320268,0.309526,0.330439
Falcon3-7B-Instruct,final,ame_bre_counterfactual,1200,876,0.98462,0.983568,0.985537
Falcon3-7B-Instruct,final,character_perturbation_control,1200,876,0.907664,0.905385,0.909704
Falcon3-7B-Instruct,final,unrelated_bre_control,1200,876,0.755028,0.749395,0.760649
Falcon3-7B-Instruct,middle,ame_bre_counterfactual,1200,876,0.99955,0.999526,0.999573
Falcon3-7B-Instruct,middle,character_perturbation_control,1200,876,0.997273,0.99722,0.997324
Falcon3-7B-Instruct,middle,unrelated_bre_control,1200,876,0.992272,0.99206,0.992472
Gemma-3-1B-IT,embedding,ame_bre_counterfactual,1200,876,0.95811,0.956508,0.959782
Gemma-3-1B-IT,embedding,character_perturbation_control,1200,876,0.901076,0.899373,0.902848
Gemma-3-1B-IT,embedding,unrelated_bre_control,1200,876,0.731448,0.726618,0.735953
Gemma-3-1B-IT,final,ame_bre_counterfactual,1200,876,0.986475,0.985186,0.987695
Gemma-3-1B-IT,final,character_perturbation_control,1200,876,0.926362,0.924088,0.928425
Gemma-3-1B-IT,final,unrelated_bre_control,1200,876,0.847948,0.844045,0.851724
Gemma-3-1B-IT,middle,ame_bre_counterfactual,1200,876,0.999968,0.999967,0.99997
Gemma-3-1B-IT,middle,character_perturbation_control,1200,876,0.999798,0.999794,0.999803
Gemma-3-1B-IT,middle,unrelated_bre_control,1200,876,0.999604,0.999594,0.999612
Gemma-3-1B-PT,embedding,ame_bre_counterfactual,1200,876,0.951833,0.949831,0.953896
Gemma-3-1B-PT,embedding,character_perturbation_control,1200,876,0.880738,0.878638,0.882785
Gemma-3-1B-PT,embedding,unrelated_bre_control,1200,876,0.687022,0.681598,0.692153
Gemma-3-1B-PT,final,ame_bre_counterfactual,1200,876,0.99386,0.993334,0.994341
Gemma-3-1B-PT,final,character_perturbation_control,1200,876,0.956487,0.955203,0.957769
Gemma-3-1B-PT,final,unrelated_bre_control,1200,876,0.833822,0.829295,0.838408
Gemma-3-1B-PT,middle,ame_bre_counterfactual,1200,876,0.999983,0.999982,0.999984
Gemma-3-1B-PT,middle,character_perturbation_control,1200,876,0.999825,0.99982,0.999829
Gemma-3-1B-PT,middle,unrelated_bre_control,1200,876,0.999481,0.999468,0.999495
Llama-3.1-8B-Base,embedding,ame_bre_counterfactual,1200,876,0.924248,0.921102,0.927423
Llama-3.1-8B-Base,embedding,character_perturbation_control,1200,876,0.8567,0.854013,0.859467
Llama-3.1-8B-Base,embedding,unrelated_bre_control,1200,876,0.583749,0.577643,0.589473
Llama-3.1-8B-Base,final,ame_bre_counterfactual,1200,876,0.989202,0.98842,0.989968
Llama-3.1-8B-Base,final,character_perturbation_control,1200,876,0.923203,0.921284,0.925021
Llama-3.1-8B-Base,final,unrelated_bre_control,1200,876,0.804158,0.799666,0.80884
Llama-3.1-8B-Base,middle,ame_bre_counterfactual,1200,876,0.999856,0.999847,0.999864
Llama-3.1-8B-Base,middle,character_perturbation_control,1200,876,0.999195,0.999179,0.99921
Llama-3.1-8B-Base,middle,unrelated_bre_control,1200,876,0.996159,0.996054,0.996261
Llama-3.1-8B-Instruct,embedding,ame_bre_counterfactual,1200,876,0.92431,0.92117,0.927479
Llama-3.1-8B-Instruct,embedding,character_perturbation_control,1200,876,0.856711,0.854036,0.859467
Llama-3.1-8B-Instruct,embedding,unrelated_bre_control,1200,876,0.583178,0.577042,0.588881
Llama-3.1-8B-Instruct,final,ame_bre_counterfactual,1200,876,0.989411,0.988689,0.990148
Llama-3.1-8B-Instruct,final,character_perturbation_control,1200,876,0.916548,0.914471,0.918486
Llama-3.1-8B-Instruct,final,unrelated_bre_control,1200,876,0.822723,0.818854,0.826647
Llama-3.1-8B-Instruct,middle,ame_bre_counterfactual,1200,876,0.999879,0.999872,0.999886
Llama-3.1-8B-Instruct,middle,character_perturbation_control,1200,876,0.999316,0.999302,0.999329
Llama-3.1-8B-Instruct,middle,unrelated_bre_control,1200,876,0.997209,0.997136,0.997278
Ministral-3-3B-Base,embedding,ame_bre_counterfactual,1200,876,0.895749,0.891975,0.899454
Ministral-3-3B-Base,embedding,character_perturbation_control,1200,876,0.812049,0.808694,0.815442
Ministral-3-3B-Base,embedding,unrelated_bre_control,1200,876,0.445967,0.43807,0.453583
Ministral-3-3B-Base,final,ame_bre_counterfactual,1200,876,0.987082,0.986102,0.988023
Ministral-3-3B-Base,final,character_perturbation_control,1200,876,0.919101,0.917413,0.920825
Ministral-3-3B-Base,final,unrelated_bre_control,1200,876,0.780335,0.77562,0.785153
Ministral-3-3B-Base,middle,ame_bre_counterfactual,1200,876,0.999961,0.999959,0.999964
Ministral-3-3B-Base,middle,character_perturbation_control,1200,876,0.999714,0.999708,0.999721
Ministral-3-3B-Base,middle,unrelated_bre_control,1200,876,0.999112,0.999088,0.999133
Ministral-3-3B-Instruct,embedding,ame_bre_counterfactual,1200,876,0.890531,0.886627,0.894372
Ministral-3-3B-Instruct,embedding,character_perturbation_control,1200,876,0.805743,0.802232,0.809336
Ministral-3-3B-Instruct,embedding,unrelated_bre_control,1200,876,0.419315,0.411043,0.427262
Ministral-3-3B-Instruct,final,ame_bre_counterfactual,1200,876,0.98426,0.983121,0.985317
Ministral-3-3B-Instruct,final,character_perturbation_control,1200,876,0.902835,0.900516,0.905054
Ministral-3-3B-Instruct,final,unrelated_bre_control,1200,876,0.723749,0.71763,0.729618
Ministral-3-3B-Instruct,middle,ame_bre_counterfactual,1200,876,0.999958,0.99995,0.999965
Ministral-3-3B-Instruct,middle,character_perturbation_control,1200,876,0.999766,0.999759,0.999773
Ministral-3-3B-Instruct,middle,unrelated_bre_control,1200,876,0.999285,0.999261,0.999307
StableLM-2-1.6B-Base,embedding,ame_bre_counterfactual,1200,876,0.900781,0.897383,0.904151
StableLM-2-1.6B-Base,embedding,character_perturbation_control,1200,876,0.831187,0.828163,0.834162
StableLM-2-1.6B-Base,embedding,unrelated_bre_control,1200,876,0.475897,0.467766,0.483698
StableLM-2-1.6B-Base,final,ame_bre_counterfactual,1200,876,0.99238,0.991644,0.993148
StableLM-2-1.6B-Base,final,character_perturbation_control,1200,876,0.947603,0.945809,0.949285
StableLM-2-1.6B-Base,final,unrelated_bre_control,1200,876,0.860682,0.856761,0.864924
StableLM-2-1.6B-Base,middle,ame_bre_counterfactual,1200,876,0.999895,0.999887,0.999903
StableLM-2-1.6B-Base,middle,character_perturbation_control,1200,876,0.999252,0.999234,0.999269
StableLM-2-1.6B-Base,middle,unrelated_bre_control,1200,876,0.997703,0.997635,0.997764
StableLM-2-Zephyr-1.6B,embedding,ame_bre_counterfactual,1200,876,0.900806,0.897406,0.904177
StableLM-2-Zephyr-1.6B,embedding,character_perturbation_control,1200,876,0.831982,0.828998,0.834938
StableLM-2-Zephyr-1.6B,embedding,unrelated_bre_control,1200,876,0.476916,0.468927,0.48468
StableLM-2-Zephyr-1.6B,final,ame_bre_counterfactual,1200,876,0.984006,0.982901,0.985133
StableLM-2-Zephyr-1.6B,final,character_perturbation_control,1200,876,0.904994,0.901973,0.907494
StableLM-2-Zephyr-1.6B,final,unrelated_bre_control,1200,876,0.783901,0.779052,0.789365
StableLM-2-Zephyr-1.6B,middle,ame_bre_counterfactual,1200,876,0.999909,0.999902,0.999915
StableLM-2-Zephyr-1.6B,middle,character_perturbation_control,1200,876,0.999411,0.999398,0.999423
StableLM-2-Zephyr-1.6B,middle,unrelated_bre_control,1200,876,0.998358,0.998314,0.998398
